datetime	count
09-04-2016 16:25	0
09-04-2016 16:26	0
09-04-2016 16:27	0
09-04-2016 16:28	0
09-04-2016 16:29	0
09-04-2016 16:30	0
09-04-2016 16:31	200
09-04-2016 16:32	0
09-04-2016 16:33	0
09-04-2016 16:34	100
09-04-2016 16:35	0
09-04-2016 16:36	100
09-04-2016 16:37	100
09-04-2016 16:38	0
09-04-2016 16:39	0
09-04-2016 16:40	0
09-04-2016 16:41	0
09-04-2016 16:42	0
09-04-2016 16:43	0
09-04-2016 16:44	100
09-04-2016 16:45	0
09-04-2016 16:46	200
09-04-2016 16:47	0
09-04-2016 16:48	100
09-04-2016 16:49	0
09-04-2016 16:50	100
09-04-2016 16:51	0
09-04-2016 16:52	200
09-04-2016 16:53	100
09-04-2016 16:54	100
09-04-2016 16:55	0
09-04-2016 16:56	100
09-04-2016 16:57	0
09-04-2016 16:58	0
09-04-2016 16:59	0
09-04-2016 17:00	100
09-04-2016 17:01	100
09-04-2016 17:02	0
09-04-2016 17:03	200
09-04-2016 17:04	0
09-04-2016 17:05	0
09-04-2016 17:06	0
09-04-2016 17:07	100
09-04-2016 17:08	0
09-04-2016 17:09	0
09-04-2016 17:10	100
09-04-2016 17:11	200
09-04-2016 17:12	0
09-04-2016 17:13	0
09-04-2016 17:14	300
09-04-2016 17:15	200
09-04-2016 17:16	0
09-04-2016 17:17	200
09-04-2016 17:18	0
09-04-2016 17:19	100
09-04-2016 17:20	100
09-04-2016 17:21	0
09-04-2016 17:22	0
09-04-2016 17:23	100
09-04-2016 17:24	0
09-04-2016 17:25	0
09-04-2016 17:26	100
09-04-2016 17:27	0
09-04-2016 17:28	200
09-04-2016 17:29	0
09-04-2016 17:30	100
09-04-2016 17:31	0
09-04-2016 17:32	200
09-04-2016 17:33	100
09-04-2016 17:34	100
09-04-2016 17:35	300
09-04-2016 17:36	100
09-04-2016 17:37	200
09-04-2016 17:38	0
09-04-2016 17:39	0
09-04-2016 17:40	100
09-04-2016 17:41	0
09-04-2016 17:42	100
09-04-2016 17:43	0
09-04-2016 17:44	0
09-04-2016 17:45	100
09-04-2016 17:46	200
09-04-2016 17:47	100
09-04-2016 17:48	100
09-04-2016 17:49	0
09-04-2016 17:50	0
09-04-2016 17:51	100
09-04-2016 17:52	0
09-04-2016 17:53	0
09-04-2016 17:54	0
09-04-2016 17:55	0
09-04-2016 17:56	100
09-04-2016 17:57	0
09-04-2016 17:58	0
09-04-2016 17:59	0
09-04-2016 18:00	100
09-04-2016 18:01	0
09-04-2016 18:02	0
09-04-2016 18:03	0
09-04-2016 18:04	0
09-04-2016 18:05	0
09-04-2016 18:06	0
09-04-2016 18:07	200
09-04-2016 18:08	0
09-04-2016 18:09	0
09-04-2016 18:10	200
09-04-2016 18:11	0
09-04-2016 18:12	100
09-04-2016 18:13	200
09-04-2016 18:14	0
09-04-2016 18:15	0
09-04-2016 18:16	0
09-04-2016 18:17	0
09-04-2016 18:18	0
09-04-2016 18:19	100
09-04-2016 18:20	0
09-04-2016 18:21	0
09-04-2016 18:22	0
09-04-2016 18:23	0
09-04-2016 18:24	0
09-04-2016 18:25	0
09-04-2016 18:26	0
09-04-2016 18:27	100
09-04-2016 18:28	0
09-04-2016 18:29	0
09-04-2016 18:30	100
09-04-2016 18:31	100
09-04-2016 18:32	0
09-04-2016 18:33	0
09-04-2016 18:34	0
09-04-2016 18:35	0
09-04-2016 18:36	0
09-04-2016 18:37	100
09-04-2016 18:38	100
09-04-2016 18:39	100
09-04-2016 18:40	0
09-04-2016 18:41	0
09-04-2016 18:42	0
09-04-2016 18:43	0
09-04-2016 18:44	0
09-04-2016 18:45	0
09-04-2016 18:46	0
09-04-2016 18:47	100
09-04-2016 18:48	0
09-04-2016 18:49	100
09-04-2016 18:50	0
09-04-2016 18:51	0
09-04-2016 18:52	0
09-04-2016 18:53	100
09-04-2016 18:54	100
09-04-2016 18:55	100
09-04-2016 18:56	0
09-04-2016 18:57	100
09-04-2016 18:58	100
09-04-2016 18:59	100
09-04-2016 19:00	100
09-04-2016 19:01	0
09-04-2016 19:02	100
09-04-2016 19:03	0
09-04-2016 19:04	100
09-04-2016 19:05	0
09-04-2016 19:06	300
09-04-2016 19:07	0
09-04-2016 19:08	200
09-04-2016 19:09	200
09-04-2016 19:10	200
09-04-2016 19:11	100
09-04-2016 19:12	100
09-04-2016 19:13	100
09-04-2016 19:14	0
09-04-2016 19:15	100
09-04-2016 19:16	100
09-04-2016 19:17	100
09-04-2016 19:18	200
09-04-2016 19:19	100
09-04-2016 19:20	0
09-04-2016 19:21	300
09-04-2016 19:22	0
09-04-2016 19:23	100
09-04-2016 19:24	100
09-04-2016 19:25	0
09-04-2016 19:26	200
09-04-2016 19:27	0
09-04-2016 19:28	100
09-04-2016 19:29	0
09-04-2016 19:30	0
09-04-2016 19:31	0
09-04-2016 19:32	0
09-04-2016 19:33	200
09-04-2016 19:34	0
09-04-2016 19:35	100
09-04-2016 19:36	100
09-04-2016 19:37	0
09-04-2016 19:38	100
09-04-2016 19:39	100
09-04-2016 19:40	100
09-04-2016 19:41	0
09-04-2016 19:42	100
09-04-2016 19:43	400
09-04-2016 19:44	300
09-04-2016 19:45	100
09-04-2016 19:46	100
09-04-2016 19:47	0
09-04-2016 19:48	0
09-04-2016 19:49	200
09-04-2016 19:50	300
09-04-2016 19:51	300
09-04-2016 19:52	200
09-04-2016 19:53	300
09-04-2016 19:54	0
09-04-2016 19:55	0
09-04-2016 19:56	200
09-04-2016 19:57	0
09-04-2016 19:58	100
09-04-2016 19:59	200
09-04-2016 20:00	500
09-04-2016 20:01	100
09-04-2016 20:02	100
09-04-2016 20:03	100
09-04-2016 20:04	100
09-04-2016 20:05	0
09-04-2016 20:06	100
09-04-2016 20:07	0
09-04-2016 20:08	300
09-04-2016 20:09	0
09-04-2016 20:10	0
09-04-2016 20:11	200
09-04-2016 20:12	100
09-04-2016 20:13	0
09-04-2016 20:14	300
09-04-2016 20:15	100
09-04-2016 20:16	100
09-04-2016 20:17	100
09-04-2016 20:18	100
09-04-2016 20:19	300
09-04-2016 20:20	300
09-04-2016 20:21	100
09-04-2016 20:22	300
09-04-2016 20:23	200
09-04-2016 20:24	0
09-04-2016 20:25	0
09-04-2016 20:26	0
09-04-2016 20:27	100
09-04-2016 20:28	0
09-04-2016 20:29	200
09-04-2016 20:30	300
09-04-2016 20:31	200
09-04-2016 20:32	400
09-04-2016 20:33	100
09-04-2016 20:34	100
09-04-2016 20:35	200
09-04-2016 20:36	200
09-04-2016 20:37	0
09-04-2016 20:38	0
09-04-2016 20:39	0
09-04-2016 20:40	200
09-04-2016 20:41	300
09-04-2016 20:42	100
09-04-2016 20:43	100
09-04-2016 20:44	200
09-04-2016 20:45	200
09-04-2016 20:46	300
09-04-2016 20:47	100
09-04-2016 20:48	100
09-04-2016 20:49	600
09-04-2016 20:50	200
09-04-2016 20:51	400
09-04-2016 20:52	100
09-04-2016 20:53	300
09-04-2016 20:54	100
09-04-2016 20:55	100
09-04-2016 20:56	400
09-04-2016 20:57	300
09-04-2016 20:58	300
09-04-2016 20:59	400
09-04-2016 21:00	600
09-04-2016 21:01	300
09-04-2016 21:02	500
09-04-2016 21:03	600
09-04-2016 21:04	800
09-04-2016 21:05	1200
09-04-2016 21:06	800
09-04-2016 21:07	1200
09-04-2016 21:08	1200
09-04-2016 21:09	600
09-04-2016 21:10	1300
09-04-2016 21:11	1100
09-04-2016 21:12	1300
09-04-2016 21:13	500
09-04-2016 21:14	1100
09-04-2016 21:15	900
09-04-2016 21:16	800
09-04-2016 21:17	1100
09-04-2016 21:18	1100
09-04-2016 21:19	1200
09-04-2016 21:20	1300
09-04-2016 21:21	1200
09-04-2016 21:22	600
09-04-2016 21:23	500
09-04-2016 21:24	800
09-04-2016 21:25	1400
09-04-2016 21:26	1600
09-04-2016 21:27	700
09-04-2016 21:28	1300
09-04-2016 21:29	1100
09-04-2016 21:30	800
09-04-2016 21:31	800
09-04-2016 21:32	500
09-04-2016 21:33	1200
09-04-2016 21:34	900
09-04-2016 21:35	1800
09-04-2016 21:36	1100
09-04-2016 21:37	1200
09-04-2016 21:38	1300
09-04-2016 21:39	800
09-04-2016 21:40	300
09-04-2016 21:41	400
09-04-2016 21:42	1300
09-04-2016 21:43	100
09-04-2016 21:44	500
09-04-2016 21:45	200
09-04-2016 21:46	500
09-04-2016 21:47	800
09-04-2016 21:48	1000
09-04-2016 21:49	600
09-04-2016 21:50	800
09-04-2016 21:51	800
09-04-2016 21:52	500
09-04-2016 21:53	1000
09-04-2016 21:54	900
09-04-2016 21:55	1300
09-04-2016 21:56	1000
09-04-2016 21:57	900
09-04-2016 21:58	600
09-04-2016 21:59	1100
09-04-2016 22:00	800
09-04-2016 22:01	500
09-04-2016 22:02	700
09-04-2016 22:03	700
09-04-2016 22:04	600
09-04-2016 22:05	300
09-04-2016 22:06	500
09-04-2016 22:07	400
09-04-2016 22:08	0
09-04-2016 22:09	800
09-04-2016 22:10	200
09-04-2016 22:11	1100
09-04-2016 22:12	1300
09-04-2016 22:13	1400
09-04-2016 22:14	1000
09-04-2016 22:15	1300
09-04-2016 22:16	1100
09-04-2016 22:17	1000
09-04-2016 22:18	1700
09-04-2016 22:19	1900
09-04-2016 22:20	1400
09-04-2016 22:21	1100
09-04-2016 22:22	1200
09-04-2016 22:23	1300
09-04-2016 22:24	1300
09-04-2016 22:25	1800
09-04-2016 22:26	1700
09-04-2016 22:27	1900
09-04-2016 22:28	1600
09-04-2016 22:29	1300
09-04-2016 22:30	3000
09-04-2016 22:31	1000
09-04-2016 22:32	2800
09-04-2016 22:33	2200
09-04-2016 22:34	2200
09-04-2016 22:35	2000
09-04-2016 22:36	300
09-04-2016 22:37	1500
09-04-2016 22:38	2200
09-04-2016 22:39	2100
09-04-2016 22:40	3200
09-04-2016 22:41	1100
09-04-2016 22:42	1500
09-04-2016 22:43	1800
09-04-2016 22:44	1300
09-04-2016 22:45	1700
09-04-2016 22:46	1900
09-04-2016 22:47	1700
09-04-2016 22:48	1400
09-04-2016 22:49	1100
09-04-2016 22:50	1300
09-04-2016 22:51	2400
09-04-2016 22:52	1300
09-04-2016 22:53	700
09-04-2016 22:54	1400
09-04-2016 22:55	1100
09-04-2016 22:56	1900
09-04-2016 22:57	1300
09-04-2016 22:58	2000
09-04-2016 22:59	1300
09-04-2016 23:00	1200
09-04-2016 23:01	1700
09-04-2016 23:02	1300
09-04-2016 23:03	300
09-04-2016 23:04	1400
09-04-2016 23:05	1300
09-04-2016 23:06	1100
09-04-2016 23:07	500
09-04-2016 23:08	1500
09-04-2016 23:09	1000
09-04-2016 23:10	700
09-04-2016 23:11	1000
09-04-2016 23:12	1600
09-04-2016 23:13	500
09-04-2016 23:14	1300
09-04-2016 23:15	1300
09-04-2016 23:16	1300
09-04-2016 23:17	2100
09-04-2016 23:18	900
09-04-2016 23:19	700
09-04-2016 23:20	1100
09-04-2016 23:21	1300
09-04-2016 23:22	500
09-04-2016 23:23	1000
09-04-2016 23:24	1300
09-04-2016 23:25	500
09-04-2016 23:26	1300
09-04-2016 23:27	1000
09-04-2016 23:28	1000
09-04-2016 23:29	1900
09-04-2016 23:30	1300
09-04-2016 23:31	1200
09-04-2016 23:32	1100
09-04-2016 23:33	1000
09-04-2016 23:34	1200
09-04-2016 23:35	1300
09-04-2016 23:36	900
09-04-2016 23:37	700
09-04-2016 23:38	1000
09-04-2016 23:39	900
09-04-2016 23:40	1000
09-04-2016 23:41	900
09-04-2016 23:42	1300
09-04-2016 23:43	1000
09-04-2016 23:44	1300
09-04-2016 23:45	1400
09-04-2016 23:46	1100
09-04-2016 23:47	600
09-04-2016 23:48	1100
09-04-2016 23:49	900
09-04-2016 23:50	3300
09-04-2016 23:51	3300
09-04-2016 23:52	900
09-04-2016 23:53	1700
09-04-2016 23:54	3400
09-04-2016 23:55	1500
09-04-2016 23:56	1600
09-04-2016 23:57	700
09-04-2016 23:58	2600
09-04-2016 23:59	3000
10-04-2016 00:00	3200
10-04-2016 00:01	1800
10-04-2016 00:02	2900
10-04-2016 00:03	1600
10-04-2016 00:04	2000
10-04-2016 00:05	2100
10-04-2016 00:06	1800
10-04-2016 00:07	2400
10-04-2016 00:08	2600
10-04-2016 00:09	1200
10-04-2016 00:10	2100
10-04-2016 00:11	900
10-04-2016 00:12	1300
10-04-2016 00:13	1100
10-04-2016 00:14	700
10-04-2016 00:15	900
10-04-2016 00:16	600
10-04-2016 00:17	800
10-04-2016 00:18	700
10-04-2016 00:19	1100
10-04-2016 00:20	1200
10-04-2016 00:21	700
10-04-2016 00:22	700
10-04-2016 00:23	1400
10-04-2016 00:24	900
10-04-2016 00:25	800
10-04-2016 00:26	1000
10-04-2016 00:27	1000
10-04-2016 00:28	300
10-04-2016 00:29	500
10-04-2016 00:30	500
10-04-2016 00:31	600
10-04-2016 00:32	1300
10-04-2016 00:33	700
10-04-2016 00:34	800
10-04-2016 00:35	500
10-04-2016 00:36	1000
10-04-2016 00:37	1200
10-04-2016 00:38	1200
10-04-2016 00:39	900
10-04-2016 00:40	1400
10-04-2016 00:41	1600
10-04-2016 00:42	1000
10-04-2016 00:43	1200
10-04-2016 00:44	1000
10-04-2016 00:45	1100
10-04-2016 00:46	1200
10-04-2016 00:47	800
10-04-2016 00:48	900
10-04-2016 00:49	700
10-04-2016 00:50	1100
10-04-2016 00:51	700
10-04-2016 00:52	1000
10-04-2016 00:53	900
10-04-2016 00:54	800
10-04-2016 00:55	1100
10-04-2016 00:56	700
10-04-2016 00:57	1000
10-04-2016 00:58	600
10-04-2016 00:59	1000
10-04-2016 01:00	1300
10-04-2016 01:01	1900
10-04-2016 01:02	900
10-04-2016 01:03	1000
10-04-2016 01:04	400
10-04-2016 01:05	1000
10-04-2016 01:06	500
10-04-2016 01:07	1200
10-04-2016 01:08	1100
10-04-2016 01:09	300
10-04-2016 01:10	1500
10-04-2016 01:11	1300
10-04-2016 01:12	1400
10-04-2016 01:13	1400
10-04-2016 01:14	700
10-04-2016 01:15	1000
10-04-2016 01:16	1100
10-04-2016 01:17	1700
10-04-2016 01:18	700
10-04-2016 01:19	1100
10-04-2016 01:20	600
10-04-2016 01:21	400
10-04-2016 01:22	900
10-04-2016 01:23	800
10-04-2016 01:24	1100
10-04-2016 01:25	1100
10-04-2016 01:26	400
10-04-2016 01:27	1600
10-04-2016 01:28	1200
10-04-2016 01:29	600
10-04-2016 01:30	700
10-04-2016 01:31	700
10-04-2016 01:32	800
10-04-2016 01:33	1300
10-04-2016 01:34	800
10-04-2016 01:35	1200
10-04-2016 01:36	700
10-04-2016 01:37	1100
10-04-2016 01:38	900
10-04-2016 01:39	1200
10-04-2016 01:40	800
10-04-2016 01:41	1200
10-04-2016 01:42	1300
10-04-2016 01:43	800
10-04-2016 01:44	800
10-04-2016 01:45	1300
10-04-2016 01:46	1000
10-04-2016 01:47	1300
10-04-2016 01:48	1300
10-04-2016 01:49	1300
10-04-2016 01:50	1700
10-04-2016 01:51	1100
10-04-2016 01:52	1300
10-04-2016 01:53	1000
10-04-2016 01:54	1300
10-04-2016 01:55	700
10-04-2016 01:56	400
10-04-2016 01:57	1700
10-04-2016 01:58	1400
10-04-2016 01:59	1900
10-04-2016 02:00	900
10-04-2016 02:01	1300
10-04-2016 02:02	1600
10-04-2016 02:03	1700
10-04-2016 02:04	1000
10-04-2016 02:05	600
10-04-2016 02:06	1200
10-04-2016 02:07	1300
10-04-2016 02:08	1800
10-04-2016 02:09	1200
10-04-2016 02:10	1800
10-04-2016 02:11	900
10-04-2016 02:12	800
10-04-2016 02:13	1000
10-04-2016 02:14	1400
10-04-2016 02:15	1800
10-04-2016 02:16	1500
10-04-2016 02:17	900
10-04-2016 02:18	900
10-04-2016 02:19	1700
10-04-2016 02:20	1600
10-04-2016 02:21	1900
10-04-2016 02:22	2200
10-04-2016 02:23	1100
10-04-2016 02:24	1600
10-04-2016 02:25	1400
10-04-2016 02:26	1300
10-04-2016 02:27	900
10-04-2016 02:28	1400
10-04-2016 02:29	1400
10-04-2016 02:30	1400
10-04-2016 02:31	800
10-04-2016 02:32	1300
10-04-2016 02:33	1000
10-04-2016 02:34	1200
10-04-2016 02:35	800
10-04-2016 02:36	1700
10-04-2016 02:37	1400
10-04-2016 02:38	1100
10-04-2016 02:39	1000
10-04-2016 02:40	1900
10-04-2016 02:41	1300
10-04-2016 02:42	1600
10-04-2016 02:43	1000
10-04-2016 02:44	1200
10-04-2016 02:45	1600
10-04-2016 02:46	1500
10-04-2016 02:47	1100
10-04-2016 02:48	800
10-04-2016 02:49	1100
10-04-2016 02:50	1800
10-04-2016 02:51	1100
10-04-2016 02:52	1700
10-04-2016 02:53	700
10-04-2016 02:54	1000
10-04-2016 02:55	1200
10-04-2016 02:56	2000
10-04-2016 02:57	1200
10-04-2016 02:58	1600
10-04-2016 02:59	1900
10-04-2016 03:00	1500
10-04-2016 03:01	1700
10-04-2016 03:02	1000
10-04-2016 03:03	1800
10-04-2016 03:04	900
10-04-2016 03:05	1300
10-04-2016 03:06	1200
10-04-2016 03:07	1500
10-04-2016 03:08	1100
10-04-2016 03:09	1400
10-04-2016 03:10	2000
10-04-2016 03:11	2100
10-04-2016 03:12	1400
10-04-2016 03:13	1700
10-04-2016 03:14	1100
10-04-2016 03:15	1100
10-04-2016 03:16	1200
10-04-2016 03:17	1800
10-04-2016 03:18	1700
10-04-2016 03:19	1900
10-04-2016 03:20	1600
10-04-2016 03:21	1700
10-04-2016 03:22	1500
10-04-2016 03:23	1800
10-04-2016 03:24	1600
10-04-2016 03:25	1100
10-04-2016 03:26	2000
10-04-2016 03:27	1300
10-04-2016 03:28	1200
10-04-2016 03:29	1700
10-04-2016 03:30	1900
10-04-2016 03:31	1100
10-04-2016 03:32	1400
10-04-2016 03:33	1900
10-04-2016 03:34	1800
10-04-2016 03:35	700
10-04-2016 03:36	1500
10-04-2016 03:37	1000
10-04-2016 03:38	1000
10-04-2016 03:39	1900
10-04-2016 03:40	800
10-04-2016 03:41	1600
10-04-2016 03:42	700
10-04-2016 03:43	1300
10-04-2016 03:44	1200
10-04-2016 03:45	1100
10-04-2016 03:46	1700
10-04-2016 03:47	1000
10-04-2016 03:48	1200
10-04-2016 03:49	1500
10-04-2016 03:50	5900
10-04-2016 03:51	7700
10-04-2016 03:52	5200
10-04-2016 03:53	5200
10-04-2016 03:54	3900
10-04-2016 03:55	3100
10-04-2016 03:56	5100
10-04-2016 03:57	2800
10-04-2016 03:58	4500
10-04-2016 03:59	3000
10-04-2016 04:00	2900
10-04-2016 04:01	2800
10-04-2016 04:02	3100
10-04-2016 04:03	3000
10-04-2016 04:04	2900
10-04-2016 04:05	3100
10-04-2016 04:06	2900
10-04-2016 04:07	3100
10-04-2016 04:08	3900
10-04-2016 04:09	2100
10-04-2016 04:10	3000
10-04-2016 04:11	2400
10-04-2016 04:12	2400
10-04-2016 04:13	2000
10-04-2016 04:14	3100
10-04-2016 04:15	1500
10-04-2016 04:16	1600
10-04-2016 04:17	2100
10-04-2016 04:18	2100
10-04-2016 04:19	2200
10-04-2016 04:20	1400
10-04-2016 04:21	1500
10-04-2016 04:22	1800
10-04-2016 04:23	1800
10-04-2016 04:24	1600
10-04-2016 04:25	2300
10-04-2016 04:26	1700
10-04-2016 04:27	2600
10-04-2016 04:28	1600
10-04-2016 04:29	1800
10-04-2016 04:30	1200
10-04-2016 04:31	1600
10-04-2016 04:32	1300
10-04-2016 04:33	1500
10-04-2016 04:34	1500
10-04-2016 04:35	1600
10-04-2016 04:36	1000
10-04-2016 04:37	1700
10-04-2016 04:38	1200
10-04-2016 04:39	2100
10-04-2016 04:40	1800
10-04-2016 04:41	2500
10-04-2016 04:42	2100
10-04-2016 04:43	1700
10-04-2016 04:44	1800
10-04-2016 04:45	1400
10-04-2016 04:46	1500
10-04-2016 04:47	1700
10-04-2016 04:48	1600
10-04-2016 04:49	1700
10-04-2016 04:50	1600
10-04-2016 04:51	1400
10-04-2016 04:52	1300
10-04-2016 04:53	1200
10-04-2016 04:54	1100
10-04-2016 04:55	1200
10-04-2016 04:56	2000
10-04-2016 04:57	1800
10-04-2016 04:58	1600
10-04-2016 04:59	1500
10-04-2016 05:00	1500
10-04-2016 05:01	1500
10-04-2016 05:02	1800
10-04-2016 05:03	700
10-04-2016 05:04	1800
10-04-2016 05:05	1400
10-04-2016 05:06	1100
10-04-2016 05:07	1100
10-04-2016 05:08	1300
10-04-2016 05:09	1800
10-04-2016 05:10	1200
10-04-2016 05:11	1400
10-04-2016 05:12	1100
10-04-2016 05:13	1300
10-04-2016 05:14	800
10-04-2016 05:15	900
10-04-2016 05:16	1400
10-04-2016 05:17	1500
10-04-2016 05:18	800
10-04-2016 05:19	1200
10-04-2016 05:20	1000
10-04-2016 05:21	1100
10-04-2016 05:22	2000
10-04-2016 05:23	800
10-04-2016 05:24	1300
10-04-2016 05:25	1700
10-04-2016 05:26	1600
10-04-2016 05:27	1200
10-04-2016 05:28	1200
10-04-2016 05:29	1200
10-04-2016 05:30	1300
10-04-2016 05:31	1000
10-04-2016 05:32	1500
10-04-2016 05:33	900
10-04-2016 05:34	1100
10-04-2016 05:35	1600
10-04-2016 05:36	800
10-04-2016 05:37	1800
10-04-2016 05:38	1800
10-04-2016 05:39	800
10-04-2016 05:40	1300
10-04-2016 05:41	1300
10-04-2016 05:42	1100
10-04-2016 05:43	1200
10-04-2016 05:44	1800
10-04-2016 05:45	800
10-04-2016 05:46	1300
10-04-2016 05:47	1200
10-04-2016 05:48	1200
10-04-2016 05:49	1100
10-04-2016 05:50	1500
10-04-2016 05:51	900
10-04-2016 05:52	1000
10-04-2016 05:53	1800
10-04-2016 05:54	1100
10-04-2016 05:55	1400
10-04-2016 05:56	1600
10-04-2016 05:57	1800
10-04-2016 05:58	1200
10-04-2016 05:59	1800
10-04-2016 06:00	2100
10-04-2016 06:01	1600
10-04-2016 06:02	1600
10-04-2016 06:03	1000
10-04-2016 06:04	1500
10-04-2016 06:05	1800
10-04-2016 06:06	1200
10-04-2016 06:07	1400
10-04-2016 06:08	700
10-04-2016 06:09	1300
10-04-2016 06:10	1300
10-04-2016 06:11	1200
10-04-2016 06:12	800
10-04-2016 06:13	1100
10-04-2016 06:14	1000
10-04-2016 06:15	1200
10-04-2016 06:16	1100
10-04-2016 06:17	1300
10-04-2016 06:18	1000
10-04-2016 06:19	600
10-04-2016 06:20	1100
10-04-2016 06:21	1000
10-04-2016 06:22	1500
10-04-2016 06:23	600
10-04-2016 06:24	1200
10-04-2016 06:25	1300
10-04-2016 06:26	1000
10-04-2016 06:27	1400
10-04-2016 06:28	1000
10-04-2016 06:29	1100
10-04-2016 06:30	1900
10-04-2016 06:31	800
10-04-2016 06:32	1100
10-04-2016 06:33	1000
10-04-2016 06:34	800
10-04-2016 06:35	1000
10-04-2016 06:36	1300
10-04-2016 06:37	1200
10-04-2016 06:38	500
10-04-2016 06:39	1200
10-04-2016 06:40	900
10-04-2016 06:41	1300
10-04-2016 06:42	1100
10-04-2016 06:43	900
10-04-2016 06:44	1200
10-04-2016 06:45	1800
10-04-2016 06:46	1300
10-04-2016 06:47	1400
10-04-2016 06:48	1200
10-04-2016 06:49	2000
10-04-2016 06:50	1800
10-04-2016 06:51	1100
10-04-2016 06:52	800
10-04-2016 06:53	1100
10-04-2016 06:54	900
10-04-2016 06:55	1300
10-04-2016 06:56	1100
10-04-2016 06:57	1400
10-04-2016 06:58	1000
10-04-2016 06:59	1200
10-04-2016 07:00	1400
10-04-2016 07:01	900
10-04-2016 07:02	800
10-04-2016 07:03	900
10-04-2016 07:04	1400
10-04-2016 07:05	1000
10-04-2016 07:06	1200
10-04-2016 07:07	900
10-04-2016 07:08	1900
10-04-2016 07:09	1400
10-04-2016 07:10	1300
10-04-2016 07:11	1200
10-04-2016 07:12	1200
10-04-2016 07:13	1300
10-04-2016 07:14	1700
10-04-2016 07:15	600
10-04-2016 07:16	800
10-04-2016 07:17	1200
10-04-2016 07:18	700
10-04-2016 07:19	1200
10-04-2016 07:20	600
10-04-2016 07:21	1200
10-04-2016 07:22	1600
10-04-2016 07:23	1000
10-04-2016 07:24	700
10-04-2016 07:25	900
10-04-2016 07:26	1700
10-04-2016 07:27	1200
10-04-2016 07:28	700
10-04-2016 07:29	1000
10-04-2016 07:30	1000
10-04-2016 07:31	1100
10-04-2016 07:32	1700
10-04-2016 07:33	700
10-04-2016 07:34	1600
10-04-2016 07:35	600
10-04-2016 07:36	1700
10-04-2016 07:37	800
10-04-2016 07:38	1300
10-04-2016 07:39	1100
10-04-2016 07:40	900
10-04-2016 07:41	1000
10-04-2016 07:42	1500
10-04-2016 07:43	1200
10-04-2016 07:44	1400
10-04-2016 07:45	700
10-04-2016 07:46	1100
10-04-2016 07:47	500
10-04-2016 07:48	800
10-04-2016 07:49	1800
10-04-2016 07:50	1000
10-04-2016 07:51	700
10-04-2016 07:52	1400
10-04-2016 07:53	400
10-04-2016 07:54	1100
10-04-2016 07:55	1700
10-04-2016 07:56	400
10-04-2016 07:57	2100
10-04-2016 07:58	900
10-04-2016 07:59	800
10-04-2016 08:00	900
10-04-2016 08:01	1000
10-04-2016 08:02	1000
10-04-2016 08:03	900
10-04-2016 08:04	400
10-04-2016 08:05	800
10-04-2016 08:06	800
10-04-2016 08:07	1100
10-04-2016 08:08	1200
10-04-2016 08:09	1300
10-04-2016 08:10	900
10-04-2016 08:11	900
10-04-2016 08:12	600
10-04-2016 08:13	1200
10-04-2016 08:14	1000
10-04-2016 08:15	900
10-04-2016 08:16	1500
10-04-2016 08:17	1700
10-04-2016 08:18	1600
10-04-2016 08:19	1000
10-04-2016 08:20	1300
10-04-2016 08:21	1300
10-04-2016 08:22	1600
10-04-2016 08:23	1100
10-04-2016 08:24	1000
10-04-2016 08:25	900
10-04-2016 08:26	1100
10-04-2016 08:27	900
10-04-2016 08:28	700
10-04-2016 08:29	700
10-04-2016 08:30	1900
10-04-2016 08:31	1400
10-04-2016 08:32	1200
10-04-2016 08:33	1700
10-04-2016 08:34	1400
10-04-2016 08:35	1400
10-04-2016 08:36	1600
10-04-2016 08:37	1100
10-04-2016 08:38	2900
10-04-2016 08:39	1100
10-04-2016 08:40	1700
10-04-2016 08:41	1400
10-04-2016 08:42	2300
10-04-2016 08:43	2200
10-04-2016 08:44	1600
10-04-2016 08:45	1400
10-04-2016 08:46	1700
10-04-2016 08:47	1800
10-04-2016 08:48	1900
10-04-2016 08:49	2400
10-04-2016 08:50	1300
10-04-2016 08:51	1600
10-04-2016 08:52	1900
10-04-2016 08:53	2700
10-04-2016 08:54	1900
10-04-2016 08:55	1700
10-04-2016 08:56	1800
10-04-2016 08:57	1400
10-04-2016 08:58	2000
10-04-2016 08:59	1000
10-04-2016 09:00	1000
10-04-2016 09:01	1800
10-04-2016 09:02	1800
10-04-2016 09:03	2600
10-04-2016 09:04	2100
10-04-2016 09:05	1700
10-04-2016 09:06	2100
10-04-2016 09:07	2700
10-04-2016 09:08	1700
10-04-2016 09:09	2300
10-04-2016 09:10	2300
10-04-2016 09:11	1600
10-04-2016 09:12	1100
10-04-2016 09:13	1200
10-04-2016 09:14	2300
10-04-2016 09:15	3700
10-04-2016 09:16	1900
10-04-2016 09:17	1900
10-04-2016 09:18	1900
10-04-2016 09:19	1900
10-04-2016 09:20	1700
10-04-2016 09:21	2000
10-04-2016 09:22	3000
10-04-2016 09:23	3000
10-04-2016 09:24	2400
10-04-2016 09:25	1900
10-04-2016 09:26	3100
10-04-2016 09:27	3300
10-04-2016 09:28	1700
10-04-2016 09:29	2100
10-04-2016 09:30	2200
10-04-2016 09:31	1000
10-04-2016 09:32	1800
10-04-2016 09:33	1300
10-04-2016 09:34	2500
10-04-2016 09:35	2600
10-04-2016 09:36	1900
10-04-2016 09:37	2100
10-04-2016 09:38	2300
10-04-2016 09:39	3000
10-04-2016 09:40	1700
10-04-2016 09:41	2800
10-04-2016 09:42	4300
10-04-2016 09:43	2900
10-04-2016 09:44	2800
10-04-2016 09:45	3900
10-04-2016 09:46	2300
10-04-2016 09:47	3700
10-04-2016 09:48	2600
10-04-2016 09:49	2000
10-04-2016 09:50	2200
10-04-2016 09:51	3000
10-04-2016 09:52	2700
10-04-2016 09:53	2800
10-04-2016 09:54	3900
10-04-2016 09:55	4300
10-04-2016 09:56	5400
10-04-2016 09:57	7500
10-04-2016 09:58	3900
10-04-2016 09:59	5000
10-04-2016 10:00	4200
10-04-2016 10:01	3800
10-04-2016 10:02	4500
10-04-2016 10:03	4100
10-04-2016 10:04	3300
10-04-2016 10:05	3200
10-04-2016 10:06	3600
10-04-2016 10:07	3100
10-04-2016 10:08	2500
10-04-2016 10:09	1600
10-04-2016 10:10	400
10-04-2016 10:11	700
10-04-2016 10:12	400
10-04-2016 10:13	700
10-04-2016 10:14	400
10-04-2016 10:15	200
10-04-2016 10:16	500
10-04-2016 10:17	300
10-04-2016 10:18	400
10-04-2016 10:19	500
10-04-2016 10:20	300
10-04-2016 10:21	900
10-04-2016 10:22	500
10-04-2016 10:23	800
10-04-2016 10:24	500
10-04-2016 10:25	200
10-04-2016 10:26	800
10-04-2016 10:27	500
10-04-2016 10:28	200
10-04-2016 10:29	200
10-04-2016 10:30	600
10-04-2016 10:31	400
10-04-2016 10:32	400
10-04-2016 10:33	500
10-04-2016 10:34	100
10-04-2016 10:35	500
10-04-2016 10:36	1500
10-04-2016 10:37	1300
10-04-2016 10:38	1600
10-04-2016 10:39	1700
10-04-2016 10:40	1700
10-04-2016 10:41	1400
10-04-2016 10:42	1400
10-04-2016 10:43	1400
10-04-2016 10:44	1500
10-04-2016 10:45	1300
10-04-2016 10:46	1900
10-04-2016 10:47	1900
10-04-2016 10:48	1600
10-04-2016 10:49	1200
10-04-2016 10:50	800
10-04-2016 10:51	1900
10-04-2016 10:52	1400
10-04-2016 10:53	1400
10-04-2016 10:54	2200
10-04-2016 10:55	1000
10-04-2016 10:56	1200
10-04-2016 10:57	1800
10-04-2016 10:58	1500
10-04-2016 10:59	1800
10-04-2016 11:00	2000
10-04-2016 11:01	1300
10-04-2016 11:02	1400
10-04-2016 11:03	2000
10-04-2016 11:04	1300
10-04-2016 11:05	1200
10-04-2016 11:06	1300
10-04-2016 11:07	1800
10-04-2016 11:08	1000
10-04-2016 11:09	1300
10-04-2016 11:10	1500
10-04-2016 11:11	1100
10-04-2016 11:12	1100
10-04-2016 11:13	1500
10-04-2016 11:14	1200
10-04-2016 11:15	1200
10-04-2016 11:16	1800
10-04-2016 11:17	1800
10-04-2016 11:18	1600
10-04-2016 11:19	1100
10-04-2016 11:20	1800
10-04-2016 11:21	1800
10-04-2016 11:22	1000
10-04-2016 11:23	1200
10-04-2016 11:24	800
10-04-2016 11:25	1100
10-04-2016 11:26	1700
10-04-2016 11:27	600
10-04-2016 11:28	1700
10-04-2016 11:29	1400
10-04-2016 11:30	1700
10-04-2016 11:31	800
10-04-2016 11:32	1600
10-04-2016 11:33	1600
10-04-2016 11:34	1300
10-04-2016 11:35	900
10-04-2016 11:36	1100
10-04-2016 11:37	1100
10-04-2016 11:38	1400
10-04-2016 11:39	700
10-04-2016 11:40	200
10-04-2016 11:41	700
10-04-2016 11:42	1300
10-04-2016 11:43	900
10-04-2016 11:44	1200
10-04-2016 11:45	1200
10-04-2016 11:46	1300
10-04-2016 11:47	1500
10-04-2016 11:48	300
10-04-2016 11:49	1100
10-04-2016 11:50	1300
10-04-2016 11:51	1200
10-04-2016 11:52	1500
10-04-2016 11:53	1000
10-04-2016 11:54	1200
10-04-2016 11:55	1100
10-04-2016 11:56	1200
10-04-2016 11:57	600
10-04-2016 11:58	1000
10-04-2016 11:59	1400
10-04-2016 12:00	1300
10-04-2016 12:01	1300
10-04-2016 12:02	1200
10-04-2016 12:03	800
10-04-2016 12:04	800
10-04-2016 12:05	1000
10-04-2016 12:06	1200
10-04-2016 12:07	2000
10-04-2016 12:08	800
10-04-2016 12:09	1200
10-04-2016 12:10	1200
10-04-2016 12:11	1200
10-04-2016 12:12	1300
10-04-2016 12:13	1100
10-04-2016 12:14	1000
10-04-2016 12:15	1700
10-04-2016 12:16	1000
10-04-2016 12:17	900
10-04-2016 12:18	1400
10-04-2016 12:19	1200
10-04-2016 12:20	900
10-04-2016 12:21	1200
10-04-2016 12:22	1500
10-04-2016 12:23	1100
10-04-2016 12:24	800
10-04-2016 12:25	900
10-04-2016 12:26	1000
10-04-2016 12:27	1500
10-04-2016 12:28	1600
10-04-2016 12:29	800
10-04-2016 12:30	1600
10-04-2016 12:31	1900
10-04-2016 12:32	900
10-04-2016 12:33	1500
10-04-2016 12:34	1500
10-04-2016 12:35	1100
10-04-2016 12:36	1900
10-04-2016 12:37	1000
10-04-2016 12:38	1800
10-04-2016 12:39	1300
10-04-2016 12:40	800
10-04-2016 12:41	1600
10-04-2016 12:42	1400
10-04-2016 12:43	900
10-04-2016 12:44	1300
10-04-2016 12:45	900
10-04-2016 12:46	900
10-04-2016 12:47	1900
10-04-2016 12:48	1900
10-04-2016 12:49	900
10-04-2016 12:50	1500
10-04-2016 12:51	1700
10-04-2016 12:52	900
10-04-2016 12:53	700
10-04-2016 12:54	500
10-04-2016 12:55	1200
10-04-2016 12:56	1000
10-04-2016 12:57	800
10-04-2016 12:58	1100
10-04-2016 12:59	1000
10-04-2016 13:00	900
10-04-2016 13:01	1100
10-04-2016 13:02	1400
10-04-2016 13:03	1500
10-04-2016 13:04	1000
10-04-2016 13:05	1200
10-04-2016 13:06	1000
10-04-2016 13:07	1300
10-04-2016 13:08	1400
10-04-2016 13:09	800
10-04-2016 13:10	1300
10-04-2016 13:11	1000
10-04-2016 13:12	1200
10-04-2016 13:13	1600
10-04-2016 13:14	800
10-04-2016 13:15	1000
10-04-2016 13:16	1100
10-04-2016 13:17	1000
10-04-2016 13:18	700
10-04-2016 13:19	1800
10-04-2016 13:20	1400
10-04-2016 13:21	1200
10-04-2016 13:22	1000
10-04-2016 13:23	900
10-04-2016 13:24	900
10-04-2016 13:25	1300
10-04-2016 13:26	1600
10-04-2016 13:27	1500
10-04-2016 13:28	1100
10-04-2016 13:29	1000
10-04-2016 13:30	1700
10-04-2016 13:31	1400
10-04-2016 13:32	1200
10-04-2016 13:33	1000
10-04-2016 13:34	2200
10-04-2016 13:35	1500
10-04-2016 13:36	1600
10-04-2016 13:37	1700
10-04-2016 13:38	1400
10-04-2016 13:39	1500
10-04-2016 13:40	1000
10-04-2016 13:41	900
10-04-2016 13:42	1200
10-04-2016 13:43	1700
10-04-2016 13:44	2300
10-04-2016 13:45	1600
10-04-2016 13:46	1500
10-04-2016 13:47	1000
10-04-2016 13:48	1600
10-04-2016 13:49	1400
10-04-2016 13:50	1500
10-04-2016 13:51	1100
10-04-2016 13:52	2100
10-04-2016 13:53	900
10-04-2016 13:54	1400
10-04-2016 13:55	800
10-04-2016 13:56	900
10-04-2016 13:57	1300
10-04-2016 13:58	2600
10-04-2016 13:59	2500
10-04-2016 14:00	1800
10-04-2016 14:01	1800
10-04-2016 14:02	1300
10-04-2016 14:03	2200
10-04-2016 14:04	1600
10-04-2016 14:05	1400
10-04-2016 14:06	2700
10-04-2016 14:07	2400
10-04-2016 14:08	2000
10-04-2016 14:09	1300
10-04-2016 14:10	2200
10-04-2016 14:11	1600
10-04-2016 14:12	1800
10-04-2016 14:13	1400
10-04-2016 14:14	500
10-04-2016 14:15	300
10-04-2016 14:16	800
10-04-2016 14:17	1400
10-04-2016 14:18	1600
10-04-2016 14:19	200
10-04-2016 14:20	1400
10-04-2016 14:21	2000
10-04-2016 14:22	400
10-04-2016 14:23	300
10-04-2016 14:24	600
10-04-2016 14:25	400
10-04-2016 14:26	1900
10-04-2016 14:27	2000
10-04-2016 14:28	1300
10-04-2016 14:29	1900
10-04-2016 14:30	500
10-04-2016 14:31	400
10-04-2016 14:32	400
10-04-2016 14:33	500
10-04-2016 14:34	1100
10-04-2016 14:35	2700
10-04-2016 14:36	2800
10-04-2016 14:37	2800
10-04-2016 14:38	2400
10-04-2016 14:39	1300
10-04-2016 14:40	1100
10-04-2016 14:41	2900
10-04-2016 14:42	2800
10-04-2016 14:43	3600
10-04-2016 14:44	3600
10-04-2016 14:45	1900
10-04-2016 14:46	2200
10-04-2016 14:47	3300
10-04-2016 14:48	3000
10-04-2016 14:49	2800
10-04-2016 14:50	4300
10-04-2016 14:51	3200
10-04-2016 14:52	3800
10-04-2016 14:53	3800
10-04-2016 14:54	3300
10-04-2016 14:55	3100
10-04-2016 14:56	3400
10-04-2016 14:57	3600
10-04-2016 14:58	2200
10-04-2016 14:59	800
10-04-2016 15:00	1400
10-04-2016 15:01	1400
10-04-2016 15:02	1400
10-04-2016 15:03	2900
10-04-2016 15:04	3900
10-04-2016 15:05	3600
10-04-2016 15:06	2600
10-04-2016 15:07	4800
10-04-2016 15:08	3100
10-04-2016 15:09	4000
10-04-2016 15:10	3600
10-04-2016 15:11	1900
10-04-2016 15:12	2300
10-04-2016 15:13	4000
10-04-2016 15:14	2400
10-04-2016 15:15	1200
10-04-2016 15:16	1800
10-04-2016 15:17	4400
10-04-2016 15:18	5000
10-04-2016 15:19	4200
10-04-2016 15:20	5700
10-04-2016 15:21	5900
10-04-2016 15:22	7400
10-04-2016 15:23	7300
10-04-2016 15:24	6500
10-04-2016 15:25	10900
10-04-2016 15:26	6300
10-04-2016 15:27	7100
10-04-2016 15:28	5400
10-04-2016 15:29	5300
10-04-2016 15:30	4300
10-04-2016 15:31	4900
10-04-2016 15:32	3300
10-04-2016 15:33	4000
10-04-2016 15:34	3900
10-04-2016 15:35	4000
10-04-2016 15:36	3400
10-04-2016 15:37	3300
10-04-2016 15:38	4800
10-04-2016 15:39	4200
10-04-2016 15:40	4400
10-04-2016 15:41	5800
10-04-2016 15:42	4000
10-04-2016 15:43	4600
10-04-2016 15:44	5200
10-04-2016 15:45	4500
10-04-2016 15:46	3900
10-04-2016 15:47	6000
10-04-2016 15:48	6100
10-04-2016 15:49	6300
10-04-2016 15:50	7700
10-04-2016 15:51	6100
10-04-2016 15:52	6000
10-04-2016 15:53	5200
10-04-2016 15:54	5000
10-04-2016 15:55	4500
10-04-2016 15:56	6300
10-04-2016 15:57	5000
10-04-2016 15:58	5500
10-04-2016 15:59	3400
10-04-2016 16:00	3300
10-04-2016 16:01	3700
10-04-2016 16:02	3500
10-04-2016 16:03	3200
10-04-2016 16:04	6000
10-04-2016 16:05	5800
10-04-2016 16:06	7500
10-04-2016 16:07	6000
10-04-2016 16:08	5500
10-04-2016 16:09	5900
10-04-2016 16:10	6100
10-04-2016 16:11	6100
10-04-2016 16:12	6700
10-04-2016 16:13	5700
10-04-2016 16:14	4900
10-04-2016 16:15	7500
10-04-2016 16:16	7200
10-04-2016 16:17	5900
10-04-2016 16:18	7000
10-04-2016 16:19	4400
10-04-2016 16:20	3100
10-04-2016 16:21	3600
10-04-2016 16:22	4700
10-04-2016 16:23	4400
10-04-2016 16:24	5400
